{"name":"pmohun_complete-historical-cryptocurrency-financial-data","title":"Complete Historical Cryptocurrency Financial Data","description":"Consolidated financial information for the top 200 cryptocurrencies by marketcap. Pulled from CoinMarketCap.com.","homepage":"https://data.world/pmohun/complete-historical-cryptocurrency-financial-data","resources":[{"name":"consolidated_coin_data","schema":{"fields":[{"name":"currency","title":"Currency","type":"string","rdfType":"http://www.w3.org/2001/XMLSchema#string","dwSourceId":"currency"},{"name":"date","title":"Date","type":"date","rdfType":"http://www.w3.org/2001/XMLSchema#date","dwSourceId":"date"},{"name":"open","title":"Open","type":"number","rdfType":"http://www.w3.org/2001/XMLSchema#decimal","dwSourceId":"open"},{"name":"high","title":"High","type":"number","rdfType":"http://www.w3.org/2001/XMLSchema#decimal","dwSourceId":"high"},{"name":"low","title":"Low","type":"number","rdfType":"http://www.w3.org/2001/XMLSchema#decimal","dwSourceId":"low"},{"name":"close","title":"Close","type":"number","rdfType":"http://www.w3.org/2001/XMLSchema#decimal","dwSourceId":"close"},{"name":"volume","title":"Volume","type":"integer","rdfType":"http://www.w3.org/2001/XMLSchema#integer","dwSourceId":"volume"},{"name":"market_cap","title":"Market Cap","type":"integer","rdfType":"http://www.w3.org/2001/XMLSchema#integer","dwSourceId":"market_cap"}]},"path":"data/consolidated_coin_data.csv","format":"csv"},{"name":"original/consolidated_coin_data.csv","path":"original/consolidated_coin_data.csv","format":"csv","mediatype":"text/csv","bytes":1091855}],"keywords":["cryptocurrency","bitcoin","finance"]}