,y01,y10,y20,gold_price,National-US,sp500_price,sp500_volume,fed_rate
1950-01-01,,,,34.73,,,,
1950-02-01,,,,34.73,,,,
1950-03-01,,,,34.73,,,,
1950-04-01,,,,34.73,,,,
1950-05-01,,,,34.73,,,,
1950-06-01,,,,34.73,,,,
1950-07-01,,,,34.73,,,,
1950-08-01,,,,34.73,,,,
1950-09-01,,,,34.73,,,,
1950-10-01,,,,34.73,,,,
1950-11-01,,,,34.73,,,,
1950-12-01,,,,34.72,,,,
1951-01-01,,,,34.72,,,,
1951-02-01,,,,34.73,,,,
1951-03-01,,,,34.73,,,,
1951-04-01,,,,34.73,,,,
1951-05-01,,,,34.73,,,,
1951-06-01,,,,34.73,,,,
1951-07-01,,,,34.72,,,,
1951-08-01,,,,34.71,,,,
1951-09-01,,,,34.71,,,,
1951-10-01,,,,34.71,,,,
1951-11-01,,,,34.73,,,,
1951-12-01,,,,34.66,,,,
1952-01-01,,,,34.49,,,,
1952-02-01,,,,34.49,,,,
1952-03-01,,,,34.68,,,,
1952-04-01,,,,34.82,,,,
1952-05-01,,,,34.73,,,,
1952-06-01,,,,34.53,,,,
1952-07-01,,,,34.57,,,,
1952-08-01,,,,34.58,,,,
1952-09-01,,,,34.51,,,,
1952-10-01,,,,34.63,,,,
1952-11-01,,,,34.72,,,,
1952-12-01,,,,34.79,,,,
1953-01-01,,,,34.88,,,,
1953-02-01,,,,34.95,,,,
1953-03-01,,,,34.92,,,,
1953-04-01,,,,34.93,,,,
1953-05-01,,,,34.9,,,,
1953-06-01,,,,34.89,,,,
1953-07-01,,,,34.91,,,,
1953-08-01,,,,34.91,,,,
1953-09-01,,,,34.76,,,,
1953-10-01,,,,34.79,,,,
1953-11-01,,,,34.86,,,,
1953-12-01,,,,34.85,,,,
1954-01-01,,,,34.86,,,,
1954-02-01,,,,34.88,,,,
1954-03-01,,,,34.92,,,,
1954-04-01,,,,35.04,,,,
1954-05-01,,,,35.08,,,,
1954-06-01,,,,35.07,,,,
1954-07-01,,,,35.08,,,,75.0
1954-08-01,,,,35.05,,,,125.0
1954-09-01,,,,35.08,,,,100.0
1954-10-01,,,,35.08,,,,75.0
1954-11-01,,,,35.06,,,,75.0
1954-12-01,,,,35.04,,,,125.0
1955-01-01,,,,35.04,,,,150.0
1955-02-01,,,,35.05,,,,125.0
1955-03-01,,,,35.06,,,,125.0
1955-04-01,,,,35.05,,,,150.0
1955-05-01,,,,35.05,,,,150.0
1955-06-01,,,,35.04,,,,175.0
1955-07-01,,,,35.05,,,,175.0
1955-08-01,,,,35.03,,,,200.0
1955-09-01,,,,34.98,,,,225.0
1955-10-01,,,,34.98,,,,225.0
1955-11-01,,,,34.98,,,,225.0
1955-12-01,,,,34.97,,,,250.0
1956-01-01,,,,34.99,,,,250.0
1956-02-01,,,,34.99,,,,250.0
1956-03-01,,,,34.99,,,,250.0
1956-04-01,,,,34.98,,,,250.0
1956-05-01,,,,34.99,,,,275.0
1956-06-01,,,,34.98,,,,275.0
1956-07-01,,,,35.0,,,,275.0
1956-08-01,,,,35.02,,,,275.0
1956-09-01,,,,35.01,,,,300.0
1956-10-01,,,,35.02,,,,300.0
1956-11-01,,,,34.98,,,,300.0
1956-12-01,,,,34.9,,,,300.0
1957-01-01,,,,34.88,,,,275.0
1957-02-01,,,,34.89,,,,300.0
1957-03-01,,,,34.91,,,,300.0
1957-04-01,,,,34.92,,,,300.0
1957-05-01,,,,34.93,,,,300.0
1957-06-01,,,,34.99,,,,300.0
1957-07-01,,,,34.99,,,,300.0
1957-08-01,,,,34.97,,,,325.0
1957-09-01,,,,34.96,,,,350.0
1957-10-01,,,,34.97,,,,350.0
1957-11-01,,,,34.97,,,,325.0
1957-12-01,,,,34.99,,,,300.0
1958-01-01,,,,35.01,,,,275.0
1958-02-01,,,,35.08,,,,175.0
1958-03-01,,,,35.09,,,,125.0
1958-04-01,,,,35.1,,,,125.0
1958-05-01,,,,35.11,,,,75.0
1958-06-01,,,,35.1,,,,100.0
1958-07-01,,,,35.11,,,,75.0
1958-08-01,,,,35.1,,,,150.0
1958-09-01,,,,35.1,,,,175.0
1958-10-01,,,,35.11,,,,175.0
1958-11-01,,,,35.1,,,,225.0
1958-12-01,,,,35.09,,,,250.0
1959-01-01,,,,35.07,,,,250.0
1959-02-01,,,,35.06,,,,250.0
1959-03-01,,,,35.06,,,,275.0
1959-04-01,,,,35.08,,,,300.0
1959-05-01,,,,35.12,,,,300.0
1959-06-01,,,,35.12,,,,350.0
1959-07-01,,,,35.13,,,,350.0
1959-08-01,,,,35.12,,,,350.0
1959-09-01,,,,35.13,,,,375.0
1959-10-01,,,,35.1,,,,400.0
1959-11-01,,,,35.06,,,,400.0
1959-12-01,,,,35.05,,,,400.0
1960-01-01,,,,35.09,,,,400.0
1960-02-01,,,,35.09,,,,400.0
1960-03-01,,,,35.09,,,,375.0
1960-04-01,,,,35.11,,,,400.0
1960-05-01,,,,35.1,,,,375.0
1960-06-01,,,,35.09,,,,325.0
1960-07-01,,,,35.1,,,,325.0
1960-08-01,,,,35.13,,,,300.0
1960-09-01,,,,35.22,,,,250.0
1960-10-01,,,,35.78,,,,250.0
1960-11-01,,,,35.82,,,,250.0
1960-12-01,,,,35.54,,,,200.0
1961-01-01,,,,35.56,,,,150.0
1961-02-01,,,,35.17,,,,250.0
1961-03-01,,,,35.08,,,,200.0
1961-04-01,,,,35.08,,,,150.0
1961-05-01,,,,35.06,,,,200.0
1961-06-01,,,,35.07,,,,175.0
1961-07-01,,,,35.11,,,,125.0
1961-08-01,,,,35.16,,,,200.0
1961-09-01,,,,35.19,,,,200.0
1961-10-01,,,,35.19,,,,225.0
1961-11-01,,,,35.19,,,,250.0
1961-12-01,,,,35.15,,,,225.0
1962-01-01,,,,35.16,,,,225.0
1962-02-01,330.0,409.0,,35.13,,,,225.0
1962-03-01,315.0,398.0,,35.09,,,,275.0
1962-04-01,310.5,391.5,,35.08,,,,275.0
1962-05-01,306.0,385.0,,35.08,,,,225.0
1962-06-01,298.0,389.0,,35.1,,,,275.0
1962-07-01,314.0,396.0,,35.12,,,,275.0
1962-08-01,330.0,403.00003,,35.12,,,,300.0
1962-09-01,315.0,398.0,,35.13,,,,300.0
1962-10-01,300.0,393.0,,35.14,,,,300.0
1962-11-01,297.0,392.0,,35.09,,,,300.0
1962-12-01,301.0,388.5,,35.08,,,,300.0
1963-01-01,305.0,385.0,,35.06,,,,300.0
1963-02-01,303.0,388.0,,35.08,,,,300.0
1963-03-01,300.0,393.0,,35.1,,,,300.0
1963-04-01,310.0,395.0,,35.1,,,,300.0
1963-05-01,311.0,394.0,,35.08,,,,300.0
1963-06-01,316.5,397.5,,35.08,,,,300.0
1963-07-01,322.0,401.00003,,35.09,,,,300.0
1963-08-01,348.0,399.0,,35.1,,,,350.0
1963-09-01,353.5,403.0,,35.08,,,,350.0
1963-10-01,359.0,407.00003,,35.08,,,,350.0
1963-11-01,369.0,415.0,,35.08,,,,350.0
1963-12-01,376.0,414.5,,35.08,,,,350.0
1964-01-01,383.0,414.0,,35.08,,,,350.0
1964-02-01,387.0,417.0,,35.08,,,,350.0
1964-03-01,391.0,420.0,,35.08,,,,350.0
1964-04-01,395.0,423.0,,35.08,,,,350.0
1964-05-01,385.0,421.99997,,35.08,,,,350.0
1964-06-01,384.0,419.0,,35.08,,,,350.0
1964-07-01,378.0,415.0,,35.08,,,,350.0
1964-08-01,380.5,418.0,,35.08,,,,350.0
1964-09-01,383.0,421.0,,35.09,,,,350.0
1964-10-01,384.0,417.99997,,35.11,,,,325.0
1964-11-01,398.0,418.99997,,35.1,,,,350.0
1964-12-01,412.0,419.99997,,35.12,,,,375.0
1965-01-01,399.0,421.0,,35.13,,,,400.0
1965-02-01,396.0,419.99997,,35.14,,,,400.0
1965-03-01,409.0,421.99997,,35.16,,,,400.0
1965-04-01,403.00003,419.99997,,35.14,,,,400.0
1965-05-01,403.5,421.5,,35.1,,,,400.0
1965-06-01,404.0,423.0,,35.1,,,,400.0
1965-07-01,397.0,419.99997,,35.12,,,,400.0
1965-08-01,405.0,424.0,,35.15,,,,400.0
1965-09-01,413.0,428.00003,,35.14,,,,400.0
1965-10-01,437.0,436.0,,35.11,,,,400.0
1965-11-01,435.0,442.99997,,35.11,,,,400.0
1965-12-01,442.0,452.0,,35.13,,,,425.0
1966-01-01,465.0,460.5,,35.15,,,,450.0
1966-02-01,488.0,469.0,,35.17,,,,450.0
1966-03-01,501.00003,501.00003,,35.15,,,,475.0
1966-04-01,489.0,469.99997,,35.13,,,,475.0
1966-05-01,496.5,474.5,,35.12,,,,500.0
1966-06-01,504.0,479.0,,35.15,,,,525.0
1966-07-01,505.00003,498.99997,,35.18,,,,525.0
1966-08-01,523.0,505.00003,,35.18,,,,550.0
1966-09-01,583.0,530.0,,35.19,,,,550.0
1966-10-01,568.0,514.5,,35.16,,,,550.0
1966-11-01,553.0,498.99997,,35.16,,,,575.0
1966-12-01,545.0,509.0,,35.18,,,,550.0
1967-01-01,504.5,480.5,,35.18,,,,500.0
1967-02-01,464.0,452.0,,35.17,,,,500.0
1967-03-01,467.0,466.0,,35.16,,,,450.0
1967-04-01,440.5,471.5,,35.17,,,,400.0
1967-05-01,414.0,477.0,,35.18,,,,400.0
1967-06-01,417.0,481.0,,35.19,,,,400.0
1967-07-01,463.0,499.5,,35.19,,,,375.0
1967-08-01,509.0,518.0,,35.19,,,,400.0
1967-09-01,519.0,525.0,,35.19,,,,400.0
1967-10-01,534.5,547.5,,35.19,,,,400.0
1967-11-01,550.0,570.0,,35.2,,,,425.0
1967-12-01,570.0,578.0,,35.19,,,,450.0
1968-01-01,576.0,570.0,,35.18,,,,450.0
1968-02-01,537.0,558.0,,35.2,,,,475.0
1968-03-01,543.0,556.0,,35.2,,,,500.0
1968-04-01,554.0,564.0,,37.878,,,,575.0
1968-05-01,600.0,573.0,,40.691,,,,600.0
1968-06-01,595.0,567.5,,41.111000000000004,,,,600.0
1968-07-01,590.0,562.0,,39.53,,,,600.0
1968-08-01,530.0,538.0,,39.17,,,,600.0
1968-09-01,537.5,543.5,,40.203,,,,575.0
1968-10-01,545.0,549.0,,39.21,,,,600.0
1968-11-01,566.0,561.0,,39.795,,,,575.0
1968-12-01,606.0,588.5,,41.113,,,,600.0
1969-01-01,646.0,616.0,,42.291000000000004,,,,625.0
1969-02-01,638.6667,619.0,,42.61600000000001,,,,650.0
1969-03-01,631.3333,622.0,,43.17100000000001,,,,675.0
1969-04-01,624.0,625.0,,43.295,,,,750.0
1969-05-01,632.0,625.0,,43.461000000000006,,,,875.0
1969-06-01,699.5,650.0,,41.442,,,,900.0
1969-07-01,767.0,675.0,,41.755,,,,850.0
1969-08-01,758.0,666.0,,41.128,,,,925.0
1969-09-01,764.0,683.0,,40.865,,,,925.0
1969-10-01,803.0,752.0,,40.476,,,,900.0
1969-11-01,798.0,740.5,,37.452,,,,875.0
1969-12-01,793.0,729.0,,35.189,,,,900.0
1970-01-01,832.0,788.0,,34.946,,,,900.0
1970-02-01,782.0,760.0,,34.994,,,,900.0
1970-03-01,732.0,732.0,,35.089,,,,775.0
1970-04-01,682.0,704.0,,35.623000000000005,,,,800.0
1970-05-01,776.0,785.0,,35.958,,,,800.0
1970-06-01,755.0,784.0,,35.437,,,,750.0
1970-07-01,735.0,764.0,,35.329,,,,725.0
1970-08-01,709.5,755.5,,35.376999999999995,,,,650.0
1970-09-01,684.0,747.0,,36.196,,,,625.0
1970-10-01,658.0,729.0,,37.553000000000004,,,,625.0
1970-11-01,582.5,688.5,,37.455,,,,550.0
1970-12-01,507.00003,648.0,,37.434,,,,500.0
1971-01-01,494.0,650.0,,37.868,,,,425.0
1971-02-01,421.99997,609.0,,38.716,,,,375.0
1971-03-01,370.0,612.0,,38.873000000000005,,,,375.0
1971-04-01,396.0,558.0,,39.001,,,,425.0
1971-05-01,455.5,597.0,,40.493,,,,475.0
1971-06-01,515.0,636.0,,40.105,,,,500.0
1971-07-01,618.0,669.0,,40.929,,,,525.0
1971-08-01,576.5,645.5,,42.722,,,,550.0
1971-09-01,535.0,622.0,,41.976000000000006,,,,550.0
1971-10-01,524.0,600.0,,42.473,,,,525.0
1971-11-01,460.0,580.0,,42.842,,,,500.0
1971-12-01,469.99997,592.0,,43.455,,,,425.0
1972-01-01,457.0,600.5,,45.64,,,,350.0
1972-02-01,444.0,609.0,,48.236999999999995,,,,325.0
1972-03-01,428.00003,604.0,,48.288000000000004,,,,375.0
1972-04-01,442.50003,609.0,,49.026,,,,425.0
1972-05-01,457.00003,614.0,,54.5,,,,425.0
1972-06-01,471.99997,607.0,,62.17,,,,450.0
1972-07-01,477.5,610.5,,65.558,,,,450.0
1972-08-01,483.0,614.0,,66.917,,,,475.0
1972-09-01,541.0,643.0,,65.589,,,,475.0
1972-10-01,541.5,641.0,,64.824,,,,500.0
1972-11-01,542.0,639.0,,62.726000000000006,,,,500.0
1972-12-01,535.0,629.0,,63.778999999999996,,,,525.0
1973-01-01,568.0,641.0,,65.127,,,,600.0
1973-02-01,620.0,660.0,,73.971,,,,650.0
1973-03-01,643.0,665.0,,84.105,,,,700.0
1973-04-01,663.0,668.5,,90.441,,,,700.0
1973-05-01,683.0,672.0,,101.62299999999999,,,,775.0
1973-06-01,722.0,696.0,,119.8,,,,850.0
1973-07-01,806.5,725.5,,120.36399999999999,,,,1050.0
1973-08-01,891.0,755.0,,106.225,,,,1050.0
1973-09-01,823.0,723.0,,103.03399999999999,,,,1075.0
1973-10-01,755.0,691.0,,99.92299999999999,,,,1000.0
1973-11-01,733.0,671.0,,94.645,,,,1000.0
1973-12-01,731.5,680.5,,106.236,,,,1000.0
1974-01-01,730.0,690.0,,129.02700000000002,,,,975.0
1974-02-01,692.0,700.0,,150.0,,,,900.0
1974-03-01,723.0,708.0,,168.298,,,,925.0
1974-04-01,834.0,742.0,,172.243,,,,1050.0
1974-05-01,893.99994,762.0,,163.56799999999998,,,,1125.0
1974-06-01,897.0,763.5,,154.013,,,,1200.0
1974-07-01,900.0,765.0,,142.283,,,,1300.0
1974-08-01,913.0,792.0,,154.362,,,,1200.0
1974-09-01,872.5,794.5,,151.66,,,,1125.0
1974-10-01,832.0,797.0,,158.533,,,,1000.0
1974-11-01,796.0,780.0,,181.483,,,,950.0
1974-12-01,765.5,760.0,,183.683,,,,850.0
1975-01-01,735.0,740.0,,176.864,,,,725.0
1975-02-01,707.6667,762.6667,,179.553,,,,625.0
1975-03-01,680.3333,785.3333,,178.203,,,,550.0
1975-04-01,653.0,808.0,,170.06599999999997,,,,550.0
1975-05-01,693.0,831.00006,,167.293,,,,525.0
1975-06-01,691.5,814.0,,164.25,,,,550.0
1975-07-01,690.0,797.0,,164.86700000000002,,,,600.0
1975-08-01,744.0,826.0,,163.168,,,,625.0
1975-09-01,756.0,822.0,,144.311,,,,625.0
1975-10-01,776.0,847.0,,142.691,,,,575.0
1975-11-01,721.0,829.5,,142.565,,,,525.0
1975-12-01,666.0,812.0,,139.279,,,,525.0
1976-01-01,616.0,776.0,,131.695,,,,475.0
1976-02-01,629.0,781.0,,130.94,,,,475.0
1976-03-01,642.0,786.0,,132.67600000000002,,,,475.0
1976-04-01,620.0,768.0,,127.91,,,,475.0
1976-05-01,645.0,781.0,,126.913,,,,525.0
1976-06-01,670.0,794.0,,125.684,,,,550.0
1976-07-01,646.0,788.0,,117.866,,,,525.0
1976-08-01,617.5,776.0,,110.055,,,,525.0
1976-09-01,589.0,764.0,,114.098,,,,525.0
1976-10-01,572.0,749.0,,116.095,,,,500.0
1976-11-01,546.0,738.0,,130.341,,,,500.0
1976-12-01,492.99997,697.0,,133.674,,,,475.0
1977-01-01,524.0,719.0,,132.306,,,,450.0
1977-02-01,555.0,741.0,,136.16299999999998,,,,475.0
1977-03-01,562.0,749.0,,148.339,,,,475.0
1977-04-01,542.0,743.0,,149.184,,,,475.0
1977-05-01,563.5,740.5,,146.536,,,,525.0
1977-06-01,585.0,738.0,,140.828,,,,550.0
1977-07-01,572.0,734.0,,143.38299999999998,,,,550.0
1977-08-01,619.0,743.0,,145.009,,,,600.0
1977-09-01,636.0,730.0,,149.334,,,,625.0
1977-10-01,670.5,746.5,,158.84799999999998,,,,650.0
1977-11-01,705.0,763.0,,162.132,,,,650.0
1977-12-01,692.0,758.0,,160.48,,,,650.0
1978-01-01,709.5,777.0,,173.207,,,,675.0
1978-02-01,727.0,796.0,,178.36,,,,675.0
1978-03-01,735.0,805.0,,183.771,,,,675.0
1978-04-01,751.5,814.5,,175.32299999999998,,,,700.0
1978-05-01,768.0,824.0,,176.19,,,,725.0
1978-06-01,793.0,841.0,,183.761,,,,750.0
1978-07-01,811.0,847.5,,188.56900000000002,,,,775.0
1978-08-01,829.0,854.0,,206.455,,,,800.0
1978-09-01,850.0,838.0,,212.21200000000002,,,,850.0
1978-10-01,922.0,852.0,,227.43200000000002,,,,900.0
1978-11-01,993.99994,866.0,,207.082,,,,975.0
1978-12-01,1002.00006,880.0,,207.895,,,,1000.0
1979-01-01,1057.0,914.99994,,226.986,,,,1000.0
1979-02-01,1014.00006,893.99994,,245.59,,,,1000.0
1979-03-01,1041.0,917.0,,242.34799999999998,,,,1000.0
1979-04-01,1032.5,926.5,,239.174,,,,1000.0
1979-05-01,1024.0,935.99994,,257.738,,,,1025.0
1979-06-01,991.0,905.0,,279.36,,,,1025.0
1979-07-01,978.5,902.0,,295.009,,,,1050.0
1979-08-01,966.0,899.0,,300.793,,,,1100.0
1979-09-01,1028.0,925.0,,354.49800000000005,,,,1150.0
1979-10-01,1090.0,951.0,,390.959,,,,1375.0
1979-11-01,1288.0,1079.0,,391.51800000000003,,,,1325.0
1979-12-01,1229.0,1056.0,,463.666,,,,1375.0
1980-01-01,1170.0,1033.0,,674.58,,,,1375.0
1980-02-01,1262.0,1129.0,,665.893,,,,1425.0
1980-03-01,1423.5,1199.0,,554.276,,,,1725.0
1980-04-01,1585.0,1269.0,,516.71,,,,1750.0
1980-05-01,1111.0,1057.0,,514.268,,,,1100.0
1980-06-01,985.5,1035.0,,600.786,,,,950.0
1980-07-01,860.00006,1013.0,,645.75,,,,900.0
1980-08-01,941.0,1076.0,,626.36,,,,950.0
1980-09-01,1115.0,1155.0,,673.941,,,,1075.0
1980-10-01,1224.0,1178.0,,662.27,,127.129997,48720000.0,1275.0
1980-11-01,1380.0,1235.0,,623.875,,132.170002,48450000.0,1575.0
1980-12-01,1536.0,1292.0,,596.712,,137.21000700000002,48180000.0,1900.0
1981-01-01,1386.0,1243.0,,557.813,,137.05000700000002,49855000.0,1900.0
1981-02-01,1357.0,1266.6666,,500.8,,136.89000700000003,51530000.0,1600.0
1981-03-01,1328.0,1290.3334,,499.69300000000004,,136.730007,53205000.0,1475.0
1981-04-01,1299.0,1314.0,,496.625,,136.570007,54880000.0,1575.0
1981-05-01,1504.0,1405.0,,480.316,,132.720001,48360000.0,1850.0
1981-06-01,1513.0,1346.0,,460.5,,132.41000400000001,62170000.0,1900.0
1981-07-01,1520.0,1404.0,,409.284,,129.770004,49080000.0,1900.0
1981-08-01,1613.0,1472.5,,410.24,,126.39500050000001,47095000.0,1775.0
1981-09-01,1706.0,1541.0,,443.773,,123.019997,45110000.0,1575.0
1981-10-01,1659.0,1575.0,,437.68,,117.08000200000001,41600000.0,1500.0
1981-11-01,1436.0,1456.0,,413.405,,121.59,47790000.0,1325.0
1981-12-01,1213.0,1337.0,,410.119,,126.099998,53980000.0,1225.0
1982-01-01,1335.0,1398.0,,384.163,,121.9399985,50850000.0,1325.0
1982-02-01,1508.0,1458.0,,374.458,,117.779999,47720000.0,1475.0
1982-03-01,1393.0,1385.0,,330.413,,113.309998,53010000.0,1475.0
1982-04-01,1421.0,1410.0,,350.335,,113.790001,57100000.0,1500.0
1982-05-01,1379.0,1401.5,,334.505,,112.73500050000001,49375000.0,1450.0
1982-06-01,1337.0,1393.0,,314.961,,111.68,41650000.0,1425.0
1982-07-01,1424.0,1440.0,,337.895,,108.709999,47900000.0,1250.0
1982-08-01,1272.5,1358.0,,363.413,,113.47999949999999,65365000.0,1000.0
1982-09-01,1121.0,1276.0,,438.15,,118.25,82830000.0,1025.0
1982-10-01,1005.0,1151.0,,422.786,,121.970001,65000000.0,975.0
1982-11-01,903.0,1056.0,,415.11400000000003,,135.470001,73530000.0,925.0
1982-12-01,938.0,1074.0,,444.776,,138.720001,107850000.0,900.0
1983-01-01,915.5,1076.0,,481.838,,140.84000400000002,95300000.0,875.0
1983-02-01,893.0,1078.0,,493.48800000000006,,142.96000700000002,82750000.0,850.0
1983-03-01,858.0,1022.0,,420.707,,150.880005,103750000.0,875.0
1983-04-01,934.0,1062.0,,433.171,,154.77000433333333,97320000.0,875.0
1983-05-01,936.5,1069.5,,437.39300000000003,,158.66000366666668,90890000.0,875.0
1983-06-01,939.00006,1077.0,,413.148,,162.550003,84460000.0,900.0
1983-07-01,967.0,1093.0,,422.645,,168.639999,65110000.0,925.0
1983-08-01,1053.0,1180.0,,416.205,,162.03999299999998,77210000.0,950.0
1983-09-01,1057.0,1197.0,,412.245,,164.229996,76120000.0,950.0
1983-10-01,1023.5,1183.0,,394.245,,163.945,80290000.0,950.0
1983-11-01,989.99994,1169.0,,381.01599999999996,,163.66000400000001,84460000.0,925.0
1983-12-01,999.0,1163.0,,388.06,,166.490005,106970000.0,950.0
1984-01-01,989.5,1163.5,,370.735,,164.615005,107035000.0,950.0
1984-02-01,980.0,1164.0,,386.038,,162.740005,107100000.0,950.0
1984-03-01,1028.0,1207.0,,394.74300000000005,,158.190002,82010000.0,1000.0
1984-04-01,1068.0,1244.5,,381.371,,159.9349975,96280000.0,1025.0
1984-05-01,1108.0,1282.0,,376.957,,161.679993,110550000.0,1025.0
1984-06-01,1196.0,1363.0,,378.314,,153.240005,96040000.0,1100.0
1984-07-01,1189.0,1322.0,,347.598,,153.66000350000002,111770000.0,1125.0
1984-08-01,1182.0,1281.0,,347.67699999999996,,154.080002,127500000.0,1175.0
1984-09-01,1163.0,1267.5,,340.945,,159.3499985,100565000.0,1125.0
1984-10-01,1144.0,1254.0,,340.217,,164.619995,73630000.0,1000.0
1984-11-01,1018.0,1166.0,,341.286,,167.490005,107300000.0,950.0
1984-12-01,970.0,1160.5,,319.622,,171.20333833333333,106666666.66666667,850.0
1985-01-01,922.0,1155.0,,302.85200000000003,,174.91667166666667,106033333.33333333,825.0
1985-02-01,921.0,1129.0,,299.83299999999997,,178.630005,105400000.0,850.0
1985-03-01,987.0,1186.0,,303.205,,183.229996,139900000.0,850.0
1985-04-01,951.0,1166.0,,324.883,,181.270004,89900000.0,825.0
1985-05-01,889.00006,1127.0,,316.395,,178.369995,101600000.0,800.0
1985-06-01,830.5,1073.0,,316.298,,185.399994,98840000.0,750.0
1985-07-01,772.0,1018.99994,,317.202,,192.429993,96080000.0,800.0
1985-08-01,812.0,1051.0,,330.131,,192.110001,121500000.0,800.0
1985-09-01,803.0,1040.0,,323.764,,188.59000400000002,125850000.0,800.0
1985-10-01,794.0,1029.0,,326.093,,185.070007,130200000.0,800.0
1985-11-01,791.0,997.99994,,325.548,,191.529999,129400000.0,800.0
1985-12-01,775.5,949.0,,321.985,,200.251999,137000000.0,825.0
1986-01-01,760.0,900.0,,345.561,,208.97399900000002,144600000.0,825.0
1986-02-01,730.0,845.6667,,339.05300000000005,,217.69599900000003,152200000.0,775.0
1986-03-01,700.0,791.3333,,346.095,,226.417999,159800000.0,750.0
1986-04-01,670.0,737.0,,340.716,,235.13999900000002,167400000.0,700.0
1986-05-01,655.0,745.0,,342.325,,235.16000400000001,146500000.0,675.0
1986-06-01,647.0,741.0,,342.798,,243.59999850000003,147100000.0,700.0
1986-07-01,639.0,737.0,,348.55400000000003,,252.039993,147700000.0,650.0
1986-08-01,615.0,734.0,,376.29,,234.91000400000001,114900000.0,625.0
1986-09-01,552.0,695.0,,418.152,,234.255005,129250000.0,600.0
1986-10-01,582.0,741.0,,423.86300000000006,,233.600006,143600000.0,575.0
1986-11-01,582.0,729.5,,396.983,,241.32500449999998,138700000.0,600.0
1986-12-01,582.0,718.0,,391.595,,249.05000299999998,133800000.0,700.0
1987-01-01,595.0,723.0,,408.524,63.75,259.8825035,146000000.0,650.0
1987-02-01,603.6667,735.0,,401.045,64.15,270.71500399999996,158200000.0,600.0
1987-03-01,612.3333,747.0,,408.848,64.49,281.5475045,170400000.0,625.0
1987-04-01,621.0,759.0,,439.665,64.99,292.380005,182600000.0,625.0
1987-05-01,678.0,839.00006,,461.65,65.57,288.02999900000003,160100000.0,675.0
1987-06-01,688.0,845.0,,449.282,66.24,289.829987,149300000.0,675.0
1987-07-01,669.0,835.99994,,450.33,66.8,302.940002,157000000.0,650.0
1987-08-01,699.5,870.5,,460.98800000000006,67.29,313.16999799999996,175250000.0,675.0
1987-09-01,730.0,905.0,,460.12,67.64,323.399994,193500000.0,725.0
1987-10-01,794.0,966.0,,465.764,67.92,327.329987,193200000.0,725.0
1987-11-01,749.5,933.5,,468.14,68.11,279.66499350000004,171535000.0,675.0
1987-12-01,705.0,901.0,,487.079,68.36,232.0,149870000.0,675.0
1988-01-01,710.0,883.0,,477.75800000000004,68.6,243.5199965,180265000.0,675.0
1988-02-01,668.0,826.0,,442.124,68.93,255.039993,210660000.0,650.0
1988-03-01,661.0,814.99994,,443.491,69.33,267.22000099999997,199990000.0,650.0
1988-04-01,676.0,857.0,,451.55800000000005,69.8,267.0433346666666,211513333.33333334,675.0
1988-05-01,717.0,880.0,,451.32,70.42,266.86666833333334,223036666.66666666,700.0
1988-06-01,758.0,903.0,,451.657,71.08,266.690002,234560000.0,750.0
1988-07-01,749.0,877.00006,,437.452,71.69,271.77999900000003,238330000.0,775.0
1988-08-01,789.0,907.0,,431.064,72.19,272.209991,138170000.0,800.0
1988-09-01,824.0,925.0,,413.439,72.58,258.350006,144090000.0,825.0
1988-10-01,814.5,896.5,,406.39,72.83,268.70500200000004,147670000.0,825.0
1988-11-01,805.0,868.0,,419.966,73.07,279.059998,151250000.0,825.0
1988-12-01,866.0,901.0,,419.24800000000005,73.29,272.48999,129380000.0,875.0
1989-01-01,884.0,900.0,,404.445,73.62,284.789993,172510000.0,900.0
1989-02-01,902.00006,899.0,,387.973,73.97,297.089996,215640000.0,925.0
1989-03-01,939.99994,935.99994,,390.274,74.41,287.109985,177210000.0,975.0
1989-04-01,935.0,925.0,,384.72,74.87,298.11499000000003,157630000.0,975.0
1989-05-01,930.0,914.00006,,371.35,75.3,309.119995,138050000.0,975.0
1989-06-01,887.0,860.99994,,367.727,75.7,321.97000099999997,223160000.0,950.0
1989-07-01,824.0,817.5,,375.21,76.05,332.86000049999996,224220000.0,925.0
1989-08-01,761.0,774.0,,365.548,76.28,343.75,225280000.0,900.0
1989-09-01,822.99994,818.99994,,361.798,76.43,353.730011,133300000.0,900.0
1989-10-01,804.5,805.0,,366.8,76.49,347.4650115,143770000.0,875.0
1989-11-01,786.0,791.0,,394.361,76.52,341.200012,154240000.0,850.0
1989-12-01,767.0,781.0,,409.655,76.5,350.630005,199200000.0,850.0
1990-01-01,776.0,793.0,,410.11800000000005,76.53,339.710007,176890000.0,825.0
1990-02-01,809.0,842.0,,416.543,76.59,328.790009,154580000.0,825.0
1990-03-01,821.0,859.0,,393.661,76.79,332.73999,157930000.0,825.0
1990-04-01,838.5,883.5,,374.92900000000003,77.04,332.494995,153475000.0,825.0
1990-05-01,856.00006,908.0,,368.855,77.3,332.25,149020000.0,825.0
1990-06-01,806.00006,843.99994,,352.657,77.5,363.160004,187860000.0,825.0
1990-07-01,784.5,836.5,,361.82,77.56,359.3399965,183060000.0,825.0
1990-08-01,763.0,829.0,,394.861,77.47,355.519989,178260000.0,825.0
1990-09-01,763.0,850.0,,389.56,77.22,335.2299955,190235000.0,825.0
1990-10-01,763.0,871.0,,381.333,76.91,314.940002,202210000.0,800.0
1990-11-01,732.0,857.0,,381.866,76.37,307.019989,159270000.0,775.0
1990-12-01,707.0,832.5,,378.161,75.97,319.02998866666667,188403333.33333334,725.0
1991-01-01,682.0,808.0,,384.591,75.53,331.0399883333333,217536666.66666666,700.0
1991-02-01,627.0,791.0,,363.74800000000005,75.25,343.049988,246670000.0,625.0
1991-03-01,652.0,812.0,,363.39,75.14,370.47000099999997,221510000.0,600.0
1991-04-01,627.0,807.0,,358.055,75.32,371.299988,144010000.0,600.0
1991-05-01,609.0,801.0,,357.11699999999996,75.77,380.290009,181900000.0,575.0
1991-06-01,623.5,813.5,,366.36,76.26,379.105011,174690000.0,600.0
1991-07-01,638.0,826.0,,368.01300000000003,76.51,377.920013,167480000.0,575.0
1991-08-01,623.0,820.0,,356.721,76.59,387.119995,170610000.0,575.0
1991-09-01,582.5,782.5,,348.46,76.58,388.1600035,167090000.0,550.0
1991-10-01,542.0,745.0,,358.82599999999996,76.29,389.200012,163570000.0,525.0
1991-11-01,503.00003,748.0,,359.96,76.04,391.320007,205780000.0,475.0
1991-12-01,457.5,709.5,,361.875,75.84,393.9020078,201930000.0,450.0
1992-01-01,412.0,671.0,,354.436,75.7,396.4840086,198080000.0,400.0
1992-02-01,424.0,696.0,,353.853,75.66,399.0660094,194230000.0,400.0
1992-03-01,436.0,721.0,,344.64099999999996,75.82,401.6480102,190380000.0,400.0
1992-04-01,448.0,746.0,,338.728,76.08,404.230011,186530000.0,375.0
1992-05-01,428.00003,756.0,,337.039,76.4,412.52999900000003,177390000.0,375.0
1992-06-01,432.00003,739.0,,340.784,76.61,417.299988,180800000.0,375.0
1992-07-01,404.0,710.0,,352.452,76.72,412.880005,214250000.0,325.0
1992-08-01,374.5,683.0,,343.603,76.74,414.475006,193465000.0,325.0
1992-09-01,345.0,656.0,,345.3,76.64,416.070007,172680000.0,325.0
1992-10-01,296.0,623.0,,344.277,76.61,416.290009,204780000.0,300.0
1992-11-01,341.0,658.5,,334.92400000000004,76.59,423.535004,231915000.0,300.0
1992-12-01,386.0,694.0,,334.657,76.47,430.77999900000003,259050000.0,300.0
1993-01-01,361.0,670.0,,328.99300000000005,76.4,436.649994,248810000.0,300.0
1993-02-01,340.0,638.0,,329.31,76.34,442.51998899999995,238570000.0,300.0
1993-03-01,330.0,594.0,,329.974,76.39,442.01000999999997,232460000.0,300.0
1993-04-01,332.0,606.0,,341.94800000000004,76.67,450.299988,234530000.0,300.0
1993-05-01,343.5,606.5,,367.045,77.04,452.06498750000003,232110000.0,300.0
1993-06-01,355.0,607.0,,371.914,77.52,453.829987,229690000.0,300.0
1993-07-01,341.0,580.0,,392.034,77.89,449.01998899999995,292040000.0,300.0
1993-08-01,338.5,563.0,,379.795,78.14,456.0849915,268540000.0,300.0
1993-09-01,336.0,546.0,,355.561,78.21,463.14999400000005,245040000.0,300.0
1993-10-01,335.0,534.0,612.0,364.005,78.18,461.27999900000003,256880000.0,300.0
1993-11-01,353.0,556.0,619.0,373.939,78.18,469.10000599999995,256030000.0,300.0
1993-12-01,362.0,582.0,644.0,383.24300000000005,78.13,461.89001500000006,293870000.0,300.0
1994-01-01,361.0,579.5,640.5,387.11,78.21,470.75500500000004,308190000.0,300.0
1994-02-01,360.0,577.0,637.0,381.658,78.22,479.619995,322510000.0,325.0
1994-03-01,416.0,628.0,686.0,384.0,78.36,464.44000199999994,304450000.0,325.0
1994-04-01,450.0,677.0,723.0,377.908,78.72,462.17000299999995,296270000.0,350.0
1994-05-01,493.0,694.5,737.5,381.343,79.23,459.90000399999997,288090000.0,400.0
1994-06-01,536.0,712.0,752.0,385.714,79.72,457.630005,279910000.0,425.0
1994-07-01,550.0,734.0,774.0,385.45,80.08,446.200012,199030000.0,425.0
1994-08-01,540.0,713.0,747.0,380.207,80.33,461.01000999999997,258180000.0,450.0
1994-09-01,556.0,719.0,760.0,391.348,80.35,473.170013,282830000.0,475.0
1994-10-01,590.5,755.0,790.0,390.164,80.32,470.795013,298885000.0,475.0
1994-11-01,625.0,791.0,820.0,384.37699999999995,80.18,468.420013,314940000.0,525.0
1994-12-01,694.0,792.0,812.0,379.48,80.09,448.920013,285920000.0,550.0
1995-01-01,695.5,779.0,798.5,378.73800000000006,80.04,459.6600035,340615000.0,550.0
1995-02-01,697.0,766.0,785.0,376.745,80.01,470.39999400000005,395310000.0,600.0
1995-03-01,644.0,723.0,757.0,381.82,80.1,485.64999400000005,362600000.0,600.0
1995-04-01,638.0,716.0,750.0,391.339,80.4,499.95500200000004,329715000.0,600.0
1995-05-01,632.0,709.0,743.0,385.231,80.72,514.26001,296830000.0,600.0
1995-06-01,568.0,620.0,664.0,387.61800000000005,81.09,533.48999,345920000.0,600.0
1995-07-01,569.5,635.0,679.5,386.13800000000003,81.44,546.5650025,339065000.0,575.0
1995-08-01,571.0,650.0,695.0,383.50199999999995,81.68,559.6400150000001,332210000.0,575.0
1995-09-01,560.0,622.0,667.0,382.931,81.76,563.840027,256730000.0,575.0
1995-10-01,553.0,610.0,651.5,383.202,81.75,574.029999,317410000.0,575.0
1995-11-01,546.0,598.0,636.0,385.209,81.66,584.219971,378090000.0,575.0
1995-12-01,533.0,571.0,616.0,387.445,81.54,606.97998,393310000.0,550.0
1996-01-01,518.0,558.0,601.0,398.695,81.46,622.7200009999999,427370000.0,550.0
1996-02-01,488.0,563.0,611.0,404.91900000000004,81.43,638.460022,461430000.0,525.0
1996-03-01,507.00003,599.0,648.0,396.51199999999994,81.7,644.369995,471480000.0,525.0
1996-04-01,541.0,631.0,682.0,392.87,82.15,653.72998,392120000.0,525.0
1996-05-01,560.0,668.0,708.0,391.99,82.63,654.580017,404620000.0,525.0
1996-06-01,567.0,671.0,705.5,385.245,83.08,665.230011,375185000.0,525.0
1996-07-01,574.0,674.0,703.0,383.457,83.45,675.880005,345750000.0,550.0
1996-08-01,574.0,665.0,694.0,387.51,83.68,650.02002,439110000.0,525.0
1996-09-01,569.5,665.0,696.5,383.29,83.74,669.5500185000001,430330000.0,525.0
1996-10-01,565.0,665.0,699.0,380.909,83.66,689.080017,421550000.0,525.0
1996-11-01,546.0,638.0,675.0,377.869,83.59,703.77002,465510000.0,525.0
1996-12-01,548.5,640.5,674.0,369.338,83.52,714.944019,475562000.0,525.0
1997-01-01,551.0,643.0,673.0,355.025,83.56,726.118018,485614000.0,525.0
1997-02-01,567.3333,658.6667,689.0,346.4,83.63,737.2920170000001,495666000.0,525.0
1997-03-01,583.6667,674.3333,705.0,352.311,83.94,748.4660160000001,505718000.0,550.0
1997-04-01,600.0,690.0,721.0,344.707,84.36,759.6400150000001,515770000.0,550.0
1997-05-01,589.0,669.0,702.0,344.1,84.9,798.530029,460380000.0,550.0
1997-06-01,576.5,657.0,691.0,340.805,85.44,844.780029,502285000.0,550.0
1997-07-01,564.0,645.0,680.0,323.78,85.88,891.0300289999999,544190000.0,550.0
1997-08-01,552.0,620.0,652.0,323.998,86.19,947.1400150000001,513750000.0,550.0
1997-09-01,559.0,634.0,669.0,322.616,86.35,951.2749940000001,556205000.0,550.0
1997-10-01,544.0,604.0,638.0,324.863,86.44,955.409973,598660000.0,550.0
1997-11-01,550.0,595.0,625.5,306.345,86.67,965.0899965,594480000.0,550.0
1997-12-01,556.0,586.0,613.0,288.776,86.89,974.7700199999999,590300000.0,550.0
1998-01-01,551.0,575.0,602.0,289.264,87.2,1008.115021,612052500.0,550.0
1998-02-01,546.3333,570.6667,600.6667,297.743,87.41,1041.460022,633805000.0,550.0
1998-03-01,541.6667,566.3333,599.3333,295.87,87.92,1074.805023,655557500.0,550.0
1998-04-01,537.0,562.0,598.0,308.558,88.6,1108.150024,677310000.0,550.0
1998-05-01,541.0,567.0,602.0,298.971,89.41,1121.0,581970000.0,550.0
1998-06-01,540.0,553.0,587.0,292.223,90.23,1090.97998,537660000.0,550.0
1998-07-01,537.0,544.0,573.0,292.874,90.9,1148.560059,701600000.0,550.0
1998-08-01,512.0,524.5,561.0,284.228,91.44,1071.4100345,959100000.0,550.0
1998-09-01,487.0,505.00003,549.0,288.661,91.79,994.26001,1216600000.0,550.0
1998-10-01,428.00003,433.0,509.0,296.595,92.03,986.3900150000001,899700000.0,500.0
1998-11-01,437.0,450.0,520.5,294.243,92.23,1080.835022,844450000.0,475.0
1998-12-01,446.0,467.0,532.0,291.357,92.48,1175.280029,789200000.0,475.0
1999-01-01,453.00003,465.0,539.0,287.33299999999997,92.75,1224.1400145,794300000.0,475.0
1999-02-01,458.0,475.0,545.0,287.495,93.02,1273.0,799400000.0,475.0
1999-03-01,491.0,540.0,594.0,286.243,93.65,1236.160034,699500000.0,475.0
1999-04-01,473.0,527.0,596.0,282.62,94.48,1293.719971,703000000.0,475.0
1999-05-01,491.0,552.5,611.5,276.932,95.4,1293.9899905,693400000.0,475.0
1999-06-01,509.0,578.0,627.0,261.402,96.4,1294.26001,683800000.0,475.0
1999-07-01,509.0,585.0,632.0,256.198,97.23,1380.959961,843400000.0,500.0
1999-08-01,519.5,592.0,641.0,256.936,97.94,1356.0149535,775800000.0,500.0
1999-09-01,530.0,599.0,650.0,264.47,98.44,1331.069946,708200000.0,525.0
1999-10-01,530.0,600.0,657.0,311.562,98.88,1282.810059,896200000.0,525.0
1999-11-01,547.0,606.0,655.0,293.65,99.2,1354.119995,861000000.0,550.0
1999-12-01,573.0,621.0,665.0,283.743,99.59,1397.719971,884000000.0,525.0
2000-01-01,601.5,641.5,665.5,284.59,100.0,1403.5,932500000.0,550.0
2000-02-01,630.0,662.0,666.0,300.855,100.57,1409.280029,981000000.0,575.0
2000-03-01,617.0,639.0,648.0,286.704,101.47,1379.189941,1274100000.0,575.0
2000-04-01,620.5,634.0,640.5,279.961,102.54,1423.7199705,1120200000.0,600.0
2000-05-01,624.0,629.0,633.0,275.293,103.7,1468.25,966300000.0,625.0
2000-06-01,632.0,620.0,633.0,285.368,104.86,1448.810059,960100000.0,650.0
2000-07-01,620.5,610.0,621.0,282.152,105.72,1443.4550175,949400000.0,650.0
2000-08-01,609.0,600.0,609.0,274.52299999999997,106.52,1438.099976,938700000.0,650.0
2000-09-01,618.0,568.0,595.0,273.676,107.14,1520.77002,767700000.0,650.0
2000-10-01,614.0,571.0,597.5,270.405,107.73,1470.9949955,987250000.0,650.0
2000-11-01,610.0,574.0,600.0,265.98900000000003,108.29,1421.219971,1206800000.0,650.0
2000-12-01,593.0,552.0,582.0,271.892,108.79,1315.22998,1195200000.0,650.0
2001-01-01,532.0,512.0,559.0,265.934,109.22,1344.3499755,1157000000.0,600.0
2001-02-01,456.0,510.0,555.0,262.018,109.64,1373.469971,1118800000.0,550.0
2001-03-01,444.99997,487.0,545.0,263.27299999999997,110.4,1241.22998,1294900000.0,525.0
2001-04-01,418.0,508.5,566.0,260.75,111.25,1253.8349605,1238100000.0,475.0
2001-05-01,391.0,530.0,587.0,272.057,112.2,1266.439941,1181300000.0,425.0
2001-06-01,367.0,539.0,589.0,270.738,113.27,1260.670044,1015000000.0,400.0
2001-07-01,361.5,525.0,576.0,267.707,114.23,1238.300049,1177650000.0,375.0
2001-08-01,356.0,511.0,563.0,272.657,114.99,1215.930054,1340300000.0,375.0
2001-09-01,301.5,483.0,551.0,282.478,115.47,1127.2400515,1257950000.0,300.0
2001-10-01,247.0,455.00003,539.0,283.322,115.68,1038.550049,1175600000.0,250.0
2001-11-01,209.99998,423.99997,500.0,276.248,115.84,1084.099976,1317400000.0,200.0
2001-12-01,213.5,465.5,537.0,275.992,116.06,1096.7999676666666,1334000000.0,175.0
2002-01-01,217.0,507.00003,574.0,281.764,116.44,1109.4999593333334,1350600000.0,175.0
2002-02-01,222.0,502.0,563.0,295.683,116.92,1122.199951,1367200000.0,175.0
2002-03-01,233.0,498.0,570.0,294.353,117.93,1131.780029,1456500000.0,175.0
2002-04-01,276.0,544.0,604.0,302.862,119.21,1146.540039,1050900000.0,175.0
2002-05-01,233.0,508.0,571.0,314.48,120.79,1086.459961,1451400000.0,175.0
2002-06-01,221.0,496.5,567.5,321.536,122.33,1027.5549925,1438450000.0,175.0
2002-07-01,208.99998,485.0,564.0,313.567,123.69,968.650024,1425500000.0,175.0
2002-08-01,175.0,446.99997,541.0,310.045,124.73,884.659973,1672200000.0,175.0
2002-09-01,165.5,409.5,511.0,318.8,125.49,866.284973,1726550000.0,175.0
2002-10-01,156.0,372.0,481.0,316.748,126.14,847.909973,1780900000.0,175.0
2002-11-01,146.0,401.00003,507.00003,319.255,126.64,900.9600220000001,1450400000.0,125.0
2002-12-01,139.0,392.0,495.0,333.3,127.15,892.4640136,1452640000.0,125.0
2003-01-01,132.0,383.0,483.0,356.86400000000003,127.65,883.9680052000001,1454880000.0,125.0
2003-02-01,126.666664,383.33334,483.66666,359.575,128.33,875.4719968,1457120000.0,125.0
2003-03-01,121.333336,383.66666,484.33334,341.564,129.31,866.9759884000001,1459360000.0,125.0
2003-04-01,116.0,384.0,485.0,328.208,130.49,858.4799800000001,1461600000.0,125.0
2003-05-01,121.0,388.0,480.00003,355.405,131.84,916.2999880000001,1397500000.0,125.0
2003-06-01,114.0,372.0,467.0,356.912,133.23,949.3099975,1428850000.0,125.0
2003-07-01,107.00001,356.0,454.0,350.765,134.65,982.320007,1460200000.0,100.0
2003-08-01,131.0,444.0,542.0,358.99300000000005,135.97,980.150024,1390600000.0,100.0
2003-09-01,135.0,444.99997,533.0,378.85900000000004,137.08,999.1849975,1478450000.0,100.0
2003-10-01,113.0,396.0,492.0,379.093,137.98,1018.2199710000001,1566300000.0,100.0
2003-11-01,127.0,418.0,507.5,390.2,138.77,1044.169983,1470650000.0,100.0
2003-12-01,141.0,440.0,523.0,407.67400000000004,139.63,1070.119995,1375000000.0,100.0
2004-01-01,126.0,427.0,510.0,414.495,140.71,1098.7366536666666,1415700000.0,100.0
2004-02-01,124.5,413.5,498.0,404.73,142.04,1127.3533123333334,1456400000.0,100.0
2004-03-01,123.0,400.0,486.0,405.976,144.09,1155.969971,1497100000.0,100.0
2004-04-01,123.0,391.0,477.0,404.85,146.18,1132.170044,1560700000.0,100.0
2004-05-01,156.0,431.0,511.0,383.95300000000003,148.33,1126.6849975,1399350000.0,100.0
2004-06-01,189.0,471.0,545.0,391.78,150.52,1121.199951,1238000000.0,100.0
2004-07-01,207.0,457.00003,531.0,398.441,152.34,1128.939941,1495700000.0,125.0
2004-08-01,203.0,435.0,512.0,400.13300000000004,153.81,1117.4249875,1318900000.0,150.0
2004-09-01,199.0,413.0,492.99997,405.402,155.11,1105.910034,1142100000.0,150.0
2004-10-01,221.0,421.0,494.99997,420.21,156.3,1131.5,1582200000.0,175.0
2004-11-01,233.99998,411.0,484.0,439.059,157.5,1130.51001,1395900000.0,200.0
2004-12-01,260.0,438.0,504.0,442.974,158.67,1191.369995,1772800000.0,225.0
2005-01-01,277.5,426.5,484.5,424.08,160.13,1190.3900145,1727390000.0,225.0
2005-02-01,295.0,415.0,465.0,423.43,161.93,1189.410034,1681980000.0,250.0
2005-03-01,320.0,438.0,480.00003,434.355,164.58,1210.410034,1708060000.0,275.0
2005-04-01,334.0,446.0,485.0,429.14,167.0,1172.920044,2168690000.0,275.0
2005-05-01,329.5,418.5,458.0,422.903,169.54,1187.5700075,1989395000.0,300.0
2005-06-01,325.0,391.0,431.0,430.30199999999996,172.01,1202.219971,1810100000.0,300.0
2005-07-01,351.0,406.0,437.0,424.745,174.1,1194.439941,1593820000.0,325.0
2005-08-01,383.0,432.00003,459.0,437.773,175.92,1235.349976,1716870000.0,350.0
2005-09-01,366.0,402.0,431.0,455.936,177.61,1221.589966,2229860000.0,350.0
2005-10-01,398.5,430.0,458.0,470.10699999999997,178.76,1212.174988,2343855000.0,375.0
2005-11-01,431.0,458.0,485.0,476.668,179.68,1202.76001,2457850000.0,400.0
2005-12-01,436.0,452.0,483.0,509.423,180.11,1264.670044,2614830000.0,425.0
2006-01-01,448.0,454.5,480.0,549.433,180.83,1273.5650025,2602120000.0,425.0
2006-02-01,460.0,457.00003,477.0,555.518,181.5,1282.459961,2589410000.0,450.0
2006-03-01,473.99997,459.0,473.99997,557.215,182.75,1291.23999,2308320000.0,450.0
2006-04-01,485.49997,486.5,506.0,611.8530000000001,183.65,1298.2149655,2372680000.0,475.0
2006-05-01,496.99997,514.0,538.0,676.7689999999999,184.39,1305.189941,2437040000.0,500.0
2006-06-01,505.00003,511.0,534.0,597.898,184.56,1285.709961,2360160000.0,500.0
2006-07-01,508.0,505.0,525.5,633.0930000000001,184.62,1278.3150025,2443925000.0,525.0
2006-08-01,511.0,498.99997,517.0,631.557,184.42,1270.920044,2527690000.0,525.0
2006-09-01,498.99997,473.0,494.99997,600.15,184.21,1311.01001,1800520000.0,525.0
2006-10-01,496.99997,465.0,486.0,586.648,184.07,1339.4100345,2310840000.0,525.0
2006-11-01,494.99997,457.00003,477.0,626.825,183.64,1367.810059,2821160000.0,525.0
2006-12-01,487.0,442.99997,464.0,629.513,183.24,1396.709961,2800980000.0,525.0
2007-01-01,500.0,471.0,491.0,630.352,182.73,1421.324951,2857935000.0,525.0
2007-02-01,509.0,484.0,502.0,665.1030000000001,182.48,1445.939941,2914890000.0,525.0
2007-03-01,494.99997,456.0,478.00003,655.8910000000001,182.21,1403.170044,3874910000.0,525.0
2007-04-01,492.0,460.0,483.5,680.008,182.15,1444.7350465,3637630000.0,525.0
2007-05-01,489.0,464.0,489.0,668.31,181.9,1486.300049,3400350000.0,525.0
2007-06-01,498.0,494.99997,515.0,655.7139999999999,181.56,1536.339966,2927020000.0,525.0
2007-07-01,492.6667,488.66666,509.66666,665.2660000000001,181.285,1512.829997,3703606666.6666665,525.0
2007-07-02,487.33334,482.33334,504.3333,664.898,181.01,1489.3200279999999,4480193333.333333,512.5
2007-08-01,482.00003,476.00003,498.99997,664.53,180.25,1465.810059,5256780000.0,500.0
2007-09-01,446.5,466.0,492.0,710.645,179.14,1506.425049,4269385000.0,500.0
2007-10-01,411.0,456.0,485.0,754.48,177.55,1547.040039,3281990000.0,475.0
2007-11-01,389.0,436.0,469.0,808.311,175.19,1508.439941,4241470000.0,450.0
2007-12-01,361.5,420.0,459.5,803.618,173.37,1470.766642,4377903333.333333,425.0
2008-01-01,334.0,404.0,450.0,887.784,171.1,1433.093343,4514336666.666667,400.0
2008-02-01,213.00002,362.0,431.0,924.283,169.22,1395.420044,4650770000.0,300.0
2008-03-01,187.5,359.5,435.5,971.055,167.93,1382.800049,4697945000.0,250.0
2008-04-01,162.0,357.0,440.0,911.6,167.35,1370.180054,4745120000.0,225.0
2008-05-01,194.0,378.0,448.99997,889.125,167.05,1409.339966,4448780000.0,200.0
2008-06-01,216.0,389.5,454.5,889.5360000000001,166.56,1347.125,5147535000.0,200.0
2008-07-01,238.00002,401.00003,460.0,941.1669999999999,165.74,1284.910034,5846290000.0,200.0
2008-08-01,225.0,397.0,461.0,840.388,164.31,1260.310059,4684870000.0,200.0
2008-09-01,217.0,383.0,446.99997,824.92,161.94,1210.685059,5233500000.0,175.0
2008-10-01,172.0,377.0,433.0,812.815,159.19,1161.060059,5782130000.0,100.0
2008-11-01,126.5,324.5,392.0,757.85,156.1,988.6350405,5917070000.0,50.0
2008-12-01,81.0,272.0,351.0,819.94,152.57,816.210022,6052010000.0,25.0
2009-01-01,37.0,225.0,305.0,857.7260000000001,149.39,814.92752075,6047542500.0,25.0
2009-02-01,44.0,239.33333,321.33334,939.763,147.65,813.6450195,6043075000.0,25.0
2009-03-01,51.0,253.66667,337.66666,925.9889999999999,146.54,812.36251825,6038607500.0,25.0
2009-04-01,58.0,268.0,354.0,892.663,146.97,811.080017,6034140000.0,25.0
2009-05-01,49.0,321.0,414.0,926.855,148.2,877.5200199999999,5312170000.0,25.0
2009-06-01,48.0,371.0,456.0,947.807,149.83,942.8699949999999,6370440000.0,25.0
2009-07-01,54.000004,355.0,432.00003,934.2719999999999,150.78,923.330017,3919400000.0,25.0
2009-08-01,48.5,346.5,423.0,949.5,150.7,960.6849975,5390880000.0,25.0
2009-09-01,43.0,338.0,414.0,996.443,149.65,998.0399779999999,6862360000.0,25.0
2009-10-01,37.0,321.0,395.0,1043.511,148.61,1029.849976,5791450000.0,0.0
2009-11-01,31.5,324.5,404.5,1126.119,147.97,1069.3549805,5020380000.0,0.0
2009-12-01,26.0,328.0,414.0,1135.012,146.7,1108.859985,4249310000.0,0.0
2010-01-01,47.0,385.0,458.0,1119.575,145.0,1099.024963,4163460000.0,0.0
2010-02-01,33.0,368.0,442.99997,1095.8,143.06,1089.189941,4077610000.0,25.0
2010-03-01,32.0,361.0,441.0,1115.5539999999999,143.6,1115.709961,3847640000.0,25.0
2010-04-01,42.0,389.0,458.0,1148.475,145.39,1178.099976,4006870000.0,25.0
2010-05-01,38.5,359.0,430.5,1204.3210000000001,147.03,1124.4049685,4639175000.0,25.0
2010-06-01,35.0,329.0,403.00003,1232.382,147.69,1070.709961,5271480000.0,25.0
2010-07-01,32.0,296.0,371.0,1196.0,147.54,1027.369995,6435770000.0,25.0
2010-08-01,28.5,277.0,353.0,1213.464,146.4,1053.830017,5416325000.0,25.0
2010-09-01,25.0,258.0,335.0,1271.461,144.58,1080.290039,4396880000.0,25.0
2010-10-01,26.0,254.0,340.0,1343.19,143.11,1146.23999,4298910000.0,25.0
2010-11-01,22.0,266.0,366.0,1371.7839999999999,141.81,1184.380005,4129180000.0,25.0
2010-12-01,28.0,297.0,395.0,1393.5120000000002,140.63,1206.069946,4548110000.0,25.0
2011-01-01,27.5,322.5,416.0,1360.475,139.05,1256.829956,4856305000.0,25.0
2011-02-01,27.000002,348.0,437.0,1371.3129999999999,137.74,1307.589966,5164500000.0,25.0
2011-03-01,25.0,341.0,423.99997,1422.848,137.79,1306.329956,1180420000.0,25.0
2011-04-01,27.000002,346.0,427.0,1474.431,139.16,1332.410034,4223740000.0,0.0
2011-05-01,22.5,321.0,405.0,1512.1879999999999,140.68,1323.4800415,4232415000.0,0.0
2011-06-01,18.0,296.0,383.0,1528.38,141.94,1314.550049,4241090000.0,0.0
2011-07-01,20.0,322.0,412.0,1568.526,142.33,1339.670044,3796930000.0,0.0
2011-08-01,22.0,277.0,372.0,1759.5,141.77,1286.939941,4967390000.0,0.0
2011-09-01,10.0,215.00002,310.0,1780.648,140.15,1204.420044,4780410000.0,0.0
2011-10-01,11.5,208.0,291.5,1667.8929999999998,138.4,1211.3500365,5212975000.0,0.0
2011-11-01,13.0,201.0,273.0,1735.977,136.65,1218.280029,5645540000.0,0.0
2011-12-01,12.0,210.99998,282.0,1652.725,135.16,1244.579956,3818680000.0,0.0
2012-01-01,12.5,199.0,273.5,1656.095,134.17,1284.334961,4161520000.0,0.0
2012-02-01,13.0,187.0,265.0,1743.095,134.02,1324.089966,4504360000.0,0.0
2012-03-01,18.0,203.0,280.0,1675.057,135.9,1374.089966,3919240000.0,25.0
2012-04-01,18.5,200.5,278.0,1648.539,138.52,1389.954956,3863595000.0,25.0
2012-05-01,19.0,198.0,276.0,1585.114,141.09,1405.819946,3807950000.0,25.0
2012-06-01,17.0,147.0,213.00002,1595.632,143.21,1278.040039,4669350000.0,25.0
2012-07-01,17.0,151.5,219.0,1592.7839999999999,144.31,1326.6799925,4555135000.0,25.0
2012-08-01,17.0,156.0,225.0,1625.682,144.74,1375.319946,4440920000.0,25.0
2012-09-01,17.0,160.0,233.0,1741.925,144.39,1409.904968,3973000000.0,25.0
2012-10-01,17.0,164.0,241.00002,1746.348,144.01,1444.48999,3505080000.0,25.0
2012-11-01,18.0,175.0,250.0,1724.352,144.01,1427.589966,3929890000.0,25.0
2012-12-01,17.0,176.5,252.0,1687.342,143.92,1456.1166586666666,3898700000.0,25.0
2013-01-01,16.0,178.0,254.0,1671.886,144.36,1484.6433513333334,3867510000.0,25.0
2013-02-01,15.000001,204.0,283.0,1630.6879999999999,145.2,1513.170044,3836320000.0,25.0
2013-03-01,16.0,186.0,268.0,1591.013,148.01,1518.199951,3695610000.0,25.0
2013-04-01,14.0,186.0,270.0,1485.905,151.03,1562.170044,2753110000.0,25.0
2013-05-01,11.0,166.0,244.0,1416.1429999999998,153.93,1582.699951,3530320000.0,0.0
2013-06-01,13.0,208.0,281.5,1342.7,156.5,1598.829956,3317505000.0,0.0
2013-07-01,15.000001,250.0,319.0,1284.348,158.37,1614.959961,3104690000.0,0.0
2013-08-01,13.0,274.0,348.0,1345.0479999999998,159.48,1706.869995,3775170000.0,0.0
2013-09-01,11.5,270.0,345.5,1348.464,159.77,1700.9349975,3506930000.0,0.0
2013-10-01,10.0,266.0,343.0,1314.402,159.65,1695.0,3238690000.0,0.0
2013-11-01,10.0,265.0,340.0,1277.417,159.47,1761.640015,3686290000.0,0.0
2013-12-01,11.5,284.5,356.0,1221.588,159.39,1786.416016,3616270000.0,0.0
2014-01-01,13.0,304.0,372.0,1243.068,159.48,1811.1920169999999,3546250000.0,0.0
2014-02-01,13.0,295.0,359.66666,1298.713,159.98,1835.968018,3476230000.0,0.0
2014-03-01,13.0,286.0,347.33334,1336.56,161.3,1860.744019,3406210000.0,0.0
2014-04-01,13.0,277.0,335.0,1299.175,163.08,1885.52002,3336190000.0,0.0
2014-05-01,10.0,263.0,316.0,1288.913,164.8,1883.680054,3416740000.0,0.0
2014-06-01,10.5,260.5,314.5,1277.857,166.32,1928.5,3302490000.0,0.0
2014-07-01,11.0,258.0,313.0,1312.989,167.24,1973.319946,3188240000.0,0.0
2014-08-01,13.0,252.0,303.0,1297.005,167.56,1925.1500239999998,3789660000.0,0.0
2014-09-01,9.0,234.99998,283.0,1241.33,167.35,1935.655029,3989125000.0,0.0
2014-10-01,10.0,242.0,287.0,1223.565,167.03,1946.160034,4188590000.0,0.0
2014-11-01,11.5,232.0,276.5,1176.413,166.79,1999.7999875,4173800000.0,0.0
2014-12-01,13.0,222.0,266.0,1200.44,166.61,2053.439941,4159010000.0,0.0
2015-01-01,25.0,217.0,247.0,1249.333,166.41,2055.002441,4005075000.0,0.0
2015-02-01,25.666668,207.0,239.0,1231.1,166.81,2056.564941,3851140000.0,0.0
2015-03-01,26.333334,197.0,231.0,1180.636,168.28,2058.127441,3697205000.0,0.0
2015-04-01,27.000002,187.0,223.0,1198.253,170.17,2059.689941,3543270000.0,0.0
2015-05-01,25.0,211.99998,257.0,1197.684,172.06,2108.290039,3379390000.0,0.0
2015-06-01,26.0,219.0,269.0,1182.248,173.66,2111.72998,3011710000.0,25.0
2015-07-01,28.0,243.0,292.0,1131.58,174.71,2077.419922,3727260000.0,25.0
2015-08-01,33.5,230.0,277.0,1117.525,175.17,1995.6349490000002,4049555000.0,25.0
2015-09-01,39.0,217.0,262.0,1124.905,175.32,1913.8499760000002,4371850000.0,25.0
2015-10-01,31.0,205.0,249.0,1157.123,175.4,1923.819946,3983600000.0,0.0
2015-11-01,41.0,210.0,252.0,1088.388,175.5,2013.2249144999998,3847860000.0,0.0
2015-12-01,51.0,215.00002,255.0,1068.317,175.65,2102.6298829999996,3712120000.0,25.0
2016-01-01,65.0,227.0,267.0,1095.655,175.65,2021.0049439999998,4017325000.0,25.0
2016-02-01,47.0,197.0,238.00002,1194.893,175.65,1939.380005,4322530000.0,50.0
2016-03-01,68.0,183.0,228.0,1246.312,175.65,1978.3499760000002,4819750000.0,25.0
2016-04-01,62.0,179.0,220.0,1241.452,175.65,2072.780029,3749990000.0,25.0
2016-05-01,66.0,182.0,221.0,1259.755,175.65,2086.0550535,3637580000.0,25.0
2016-06-01,70.0,185.0,222.0,1273.58,175.65,2099.330078,3525170000.0,50.0
2016-07-01,45.0,146.0,181.0,1337.4289999999999,175.65,2102.949951,3458890000.0,50.0
2016-08-01,50.0,151.0,184.0,1340.861,175.65,2170.840088,3505990000.0,50.0
2016-09-01,60.000004,157.0,190.0,1326.618,175.65,2170.860107,3392120000.0,50.0
2016-10-01,62.5,170.0,207.0,1268.9289999999999,175.65,2141.290039,3962140000.0,50.0
2016-11-01,65.0,183.0,224.0,1240.2930000000001,175.65,2111.719971,4532160000.0,50.0
2016-12-01,82.0,245.0,282.0,1152.165,175.65,2191.080078,5063740000.0,50.0
2017-01-01,82.5,246.5,281.0,1192.6480000000001,175.65,2235.3150635,4490175000.0,75.0
2017-02-01,83.0,248.0,280.0,1233.39,175.65,2279.550049,3916610000.0,75.0
2017-03-01,92.0,246.0,281.0,1231.063,175.65,2395.959961,4345180000.0,75.0
2017-04-01,100.5,239.5,276.0,1267.15,175.65,2392.1450194999998,3772210000.0,100.0
2017-05-01,109.0,233.0,271.0,1245.25,175.65,2388.330078,3199240000.0,100.0
2017-06-01,116.0,221.0,260.0,1261.277,175.65,2430.060059,3857140000.0,100.0
2017-07-01,119.0,223.5,260.5,1235.1,175.65,2453.2050785,3659000000.0,125.0
2017-08-01,122.0,226.0,261.0,1281.72,175.65,2476.350098,3460860000.0,125.0
2017-09-01,124.0,216.00002,251.0,1317.045,175.65,2476.550049,2710730000.0,125.0
2017-10-01,135.0,226.5,257.0,1280.677,175.65,2527.955078,3261955000.0,125.0
2017-11-01,146.0,236.99998,263.0,1283.1889999999999,175.65,2579.360107,3813180000.0,125.0
2017-12-01,162.0,236.99998,258.0,1265.674,175.65,2642.219971,3942320000.0,125.0
2018-01-01,176.0,240.00002,258.0,1332.809,175.65,2732.0999755000003,3940385000.0,150.0
2018-02-01,189.0,278.0,290.0,1333.775,175.65,2821.97998,3938450000.0,150.0
2018-03-01,205.0,281.0,297.0,1325.5620000000001,175.65,2677.669922,4503970000.0,150.0
2018-04-01,215.5,289.0,300.0,1335.332,175.65,2666.2349855,4031910000.0,175.0
2018-05-01,226.0,297.0,303.0,1303.618,175.65,2654.800049,3559850000.0,175.0
2018-06-01,228.0,289.0,296.0,1282.126,175.65,2734.6201170000004,3684130000.0,175.0
2018-07-01,236.5,294.5,301.5,1238.0639999999999,175.65,2773.9901120000004,3590560000.0,200.0
2018-08-01,245.0,300.0,307.0,1201.859,175.65,2813.360107,3496990000.0,200.0
2018-09-01,252.5,304.5,312.5,1199.198,175.65,2868.9750974999997,3430590000.0,200.0
2018-10-01,260.0,309.0,318.0,1214.726,175.65,2924.590088,3364190000.0,225.0
2018-11-01,267.0,314.0,329.0,1221.275,175.65,2740.3701170000004,4708420000.0,225.0
2018-12-01,265.0,291.5,308.0,1249.887,175.65,2729.090087666667,4392036666.666667,225.0
2019-01-01,263.0,269.0,287.0,1291.63,175.65,2717.8100583333335,4075653333.3333335,250.0
2019-02-01,256.0,270.0,288.0,1319.755,175.65,2706.530029,3759270000.0,250.0
2019-03-01,255.0,276.0,297.0,1302.286,175.65,2803.689941,3972280000.0,250.0
2019-04-01,241.00002,249.0,271.0,1287.65,175.65,2867.189941,3500760000.0,250.0
2019-05-01,239.00002,252.0,274.0,1282.46,175.65,2923.72998,3645850000.0,250.0
2019-06-01,216.5,227.5,254.0,1358.4879999999998,175.65,2944.030029,3579560000.0,250.0
2019-07-01,194.0,203.0,233.99998,1414.611,175.65,2964.330078,3513270000.0,250.0
2019-08-01,188.0,190.0,221.0,1414.611,175.65,2953.560059,4762300000.0,250.0
