{
  "bytes": 750598,
  "datahub": {
    "created": "2018-06-26T10:49:44.515862",
    "findability": "published",
    "flowid": "world-bank/fr.inr.lndp/1",
    "modified": "2018-06-26T10:49:44.515862",
    "owner": "world-bank",
    "ownerid": "world-bank"
  },
  "hash": "306941b455582ef0e60e7ba71378f090",
  "id": "world-bank/fr.inr.lndp",
  "keywords": [
    "Financial Sector "
  ],
  "licenses": [
    {
      "name": "CC-BY-4.0"
    }
  ],
  "name": "fr.inr.lndp",
  "resources": [
    {
      "bytes": 164041,
      "datahub": {
        "type": "original"
      },
      "dpp:streamedFrom": "https://s3.amazonaws.com/rawstore.datahub.io/d6dddc7e5101feedc924e118c8f2db33.csv",
      "encoding": "ISO-8859-1",
      "format": "csv",
      "mediatype": "text/csv",
      "name": "data_original",
      "path": "archive/data.csv",
      "pathType": "local",
      "profile": "data-resource",
      "schema": {
        "fields": [
          {
            "description": "Country or Region name",
            "name": "Country Name",
            "type": "string"
          },
          {
            "description": "ISO 3-digit ISO code extended to include regional codes e.g. EUR, ARB etc",
            "name": "Country Code",
            "type": "string"
          },
          {
            "description": "Year",
            "name": "Year",
            "type": "year"
          },
          {
            "description": "Interest rate spread is the interest rate charged by banks on loans to private sector customers minus the interest rate paid by commercial or similar banks for demand, time, or savings deposits. The terms and conditions attached to these rates differ by country, however, limiting their comparability.",
            "name": "Value",
            "type": "number"
          }
        ]
      },
      "title": "Indicator data"
    },
    {
      "bytes": 594,
      "datahub": {
        "type": "derived/report"
      },
      "description": "Validation report for tabular data",
      "dpp:streamedFrom": "/tmp/tmpaozjlere/world-bank/fr.inr.lndp/validation_report/data/4d52f6d8453f72f1ef97176f1f64fafd/validation_report.json",
      "format": "json",
      "hash": "4d52f6d8453f72f1ef97176f1f64fafd",
      "name": "validation_report",
      "path": "data/validation_report.json",
      "profile": "data-resource"
    },
    {
      "bytes": 164041,
      "datahub": {
        "derivedFrom": [
          "data"
        ],
        "type": "derived/csv"
      },
      "dialect": {
        "delimiter": ",",
        "doubleQuote": true,
        "lineTerminator": "\r\n",
        "quoteChar": "\"",
        "skipInitialSpace": false
      },
      "dpp:streamedFrom": "/tmp/tmpaozjlere/world-bank/fr.inr.lndp/data_csv/data/2903eeed5966eaabe3ad48d9b2e608c7/data_csv.csv",
      "encoding": "utf-8",
      "format": "csv",
      "hash": "2903eeed5966eaabe3ad48d9b2e608c7",
      "mediatype": "text/csv",
      "name": "data_csv",
      "path": "data/data_csv.csv",
      "pathType": "local",
      "profile": "data-resource",
      "rowcount": 4521,
      "schema": {
        "fields": [
          {
            "description": "Country or Region name",
            "name": "Country Name",
            "type": "string"
          },
          {
            "description": "ISO 3-digit ISO code extended to include regional codes e.g. EUR, ARB etc",
            "name": "Country Code",
            "type": "string"
          },
          {
            "description": "Year",
            "name": "Year",
            "type": "year"
          },
          {
            "decimalChar": ".",
            "description": "Interest rate spread is the interest rate charged by banks on loans to private sector customers minus the interest rate paid by commercial or similar banks for demand, time, or savings deposits. The terms and conditions attached to these rates differ by country, however, limiting their comparability.",
            "groupChar": "",
            "name": "Value",
            "type": "number"
          }
        ]
      },
      "signed": true,
      "title": "Indicator data"
    },
    {
      "bytes": 421621,
      "datahub": {
        "derivedFrom": [
          "data"
        ],
        "type": "derived/json"
      },
      "dpp:streamedFrom": "/tmp/tmpaozjlere/world-bank/fr.inr.lndp/data_json/data/3754690f3b6f438c426980d7408939b2/data_json.json",
      "encoding": "utf-8",
      "format": "json",
      "hash": "3754690f3b6f438c426980d7408939b2",
      "mediatype": "text/csv",
      "name": "data_json",
      "path": "data/data_json.json",
      "pathType": "local",
      "profile": "data-resource",
      "rowcount": 4521,
      "schema": {
        "fields": [
          {
            "description": "Country or Region name",
            "name": "Country Name",
            "type": "string"
          },
          {
            "description": "ISO 3-digit ISO code extended to include regional codes e.g. EUR, ARB etc",
            "name": "Country Code",
            "type": "string"
          },
          {
            "description": "Year",
            "name": "Year",
            "type": "year"
          },
          {
            "description": "Interest rate spread is the interest rate charged by banks on loans to private sector customers minus the interest rate paid by commercial or similar banks for demand, time, or savings deposits. The terms and conditions attached to these rates differ by country, however, limiting their comparability.",
            "name": "Value",
            "type": "number"
          }
        ]
      },
      "signed": true,
      "title": "Indicator data"
    },
    {
      "bytes": 301,
      "dpp:streamedFrom": "/tmp/tmppsy0pyo5/README.md",
      "format": "md",
      "name": "readme",
      "path": "README.md"
    }
  ],
  "title": "Interest rate spread (lending rate minus deposit rate, %)",
  "worldbank": {
    "indicator": "fr.inr.lndp"
  }
}